-- --------------------------------------------------------
-- Servidor:                     127.0.0.1
-- Versão do servidor:           8.0.23 - MySQL Community Server - GPL
-- OS do Servidor:               Win64
-- HeidiSQL Versão:              11.2.0.6213
-- --------------------------------------------------------

/*!40101 SET @OLD_CHARACTER_SET_CLIENT=@@CHARACTER_SET_CLIENT */;
/*!40101 SET NAMES utf8 */;
/*!50503 SET NAMES utf8mb4 */;
/*!40014 SET @OLD_FOREIGN_KEY_CHECKS=@@FOREIGN_KEY_CHECKS, FOREIGN_KEY_CHECKS=0 */;
/*!40101 SET @OLD_SQL_MODE=@@SQL_MODE, SQL_MODE='NO_AUTO_VALUE_ON_ZERO' */;
/*!40111 SET @OLD_SQL_NOTES=@@SQL_NOTES, SQL_NOTES=0 */;


-- Copiando estrutura do banco de dados para covid
DROP DATABASE IF EXISTS `covid`;
CREATE DATABASE IF NOT EXISTS `covid` /*!40100 DEFAULT CHARACTER SET utf8mb4 COLLATE utf8mb4_0900_ai_ci */ /*!80016 DEFAULT ENCRYPTION='N' */;
USE `covid`;

-- Copiando estrutura para tabela covid.dia_diavacinacao
DROP TABLE IF EXISTS `dia_diavacinacao`;
CREATE TABLE IF NOT EXISTS `dia_diavacinacao` (
  `dia_id` int NOT NULL AUTO_INCREMENT,
  `dia_dataVascinacao` datetime NOT NULL,
  `dia_disable` int NOT NULL,
  `LoteId` int NOT NULL,
  PRIMARY KEY (`dia_id`),
  KEY `FK_dia_diaVacinacao_lot_lote_LoteId` (`LoteId`),
  CONSTRAINT `FK_dia_diaVacinacao_lot_lote_LoteId` FOREIGN KEY (`LoteId`) REFERENCES `lot_lote` (`lot_id`) ON DELETE CASCADE ON UPDATE CASCADE
) ENGINE=InnoDB AUTO_INCREMENT=9 DEFAULT CHARSET=utf8mb4 COLLATE=utf8mb4_0900_ai_ci;

-- Copiando dados para a tabela covid.dia_diavacinacao: ~0 rows (aproximadamente)
/*!40000 ALTER TABLE `dia_diavacinacao` DISABLE KEYS */;
INSERT INTO `dia_diavacinacao` (`dia_id`, `dia_dataVascinacao`, `dia_disable`, `LoteId`) VALUES
	(1, '2021-10-29 13:44:00', 0, 1),
	(2, '2021-10-25 13:45:00', 0, 2),
	(3, '2021-10-30 13:45:00', 0, 3),
	(4, '2021-09-30 13:45:00', 0, 2),
	(5, '2021-09-26 13:45:00', 0, 2),
	(6, '2021-10-02 13:45:00', 0, 3),
	(7, '2021-10-17 13:45:00', 0, 2),
	(8, '2021-10-23 13:45:00', 0, 3);
/*!40000 ALTER TABLE `dia_diavacinacao` ENABLE KEYS */;

-- Copiando estrutura para tabela covid.emp_empresa
DROP TABLE IF EXISTS `emp_empresa`;
CREATE TABLE IF NOT EXISTS `emp_empresa` (
  `emp_id` int NOT NULL AUTO_INCREMENT,
  `emp_nome` longtext NOT NULL,
  `emp_disable` int NOT NULL,
  PRIMARY KEY (`emp_id`)
) ENGINE=InnoDB AUTO_INCREMENT=4 DEFAULT CHARSET=utf8mb4 COLLATE=utf8mb4_0900_ai_ci;

-- Copiando dados para a tabela covid.emp_empresa: ~0 rows (aproximadamente)
/*!40000 ALTER TABLE `emp_empresa` DISABLE KEYS */;
INSERT INTO `emp_empresa` (`emp_id`, `emp_nome`, `emp_disable`) VALUES
	(1, 'Butantan', 0),
	(2, 'Microsoft', 0),
	(3, 'Ubisoft', 0);
/*!40000 ALTER TABLE `emp_empresa` ENABLE KEYS */;

-- Copiando estrutura para tabela covid.his_historico
DROP TABLE IF EXISTS `his_historico`;
CREATE TABLE IF NOT EXISTS `his_historico` (
  `his_id` int NOT NULL AUTO_INCREMENT,
  `his_tabelaNome` longtext NOT NULL,
  `his_descricao` longtext,
  `his_itemId` int NOT NULL,
  `his_data` datetime NOT NULL,
  `UsuarioId` int NOT NULL,
  PRIMARY KEY (`his_id`),
  KEY `FK_his_historico_usu_usuario_UsuarioId` (`UsuarioId`),
  CONSTRAINT `FK_his_historico_usu_usuario_UsuarioId` FOREIGN KEY (`UsuarioId`) REFERENCES `usu_usuario` (`usu_id`) ON DELETE CASCADE ON UPDATE CASCADE
) ENGINE=InnoDB AUTO_INCREMENT=34 DEFAULT CHARSET=utf8mb4 COLLATE=utf8mb4_0900_ai_ci;

-- Copiando dados para a tabela covid.his_historico: ~0 rows (aproximadamente)
/*!40000 ALTER TABLE `his_historico` DISABLE KEYS */;
INSERT INTO `his_historico` (`his_id`, `his_tabelaNome`, `his_descricao`, `his_itemId`, `his_data`, `UsuarioId`) VALUES
	(1, 'Empresa', 'Registrou uma Empresa', 1, '2021-10-05 09:52:17', 1),
	(2, 'Vacina', 'Registrou uma Vacina', 1, '2021-10-05 09:52:34', 1),
	(3, 'Local', 'Registrou um local de vacinação', 1, '2021-10-05 09:55:25', 1),
	(4, 'Lote de vacinas', 'Registrou um lote de vacinas', 1, '2021-10-05 09:59:34', 1),
	(5, 'Empresa', 'Registrou uma Empresa', 2, '2021-10-05 13:26:22', 1),
	(6, 'Empresa', 'Registrou uma Empresa', 3, '2021-10-05 13:26:30', 1),
	(7, 'Vacina', 'Registrou uma Vacina', 2, '2021-10-05 13:27:05', 1),
	(8, 'Vacina', 'Registrou uma Vacina', 3, '2021-10-05 13:27:45', 1),
	(9, 'Vacina', 'Editou uma Vacina', 2, '2021-10-05 13:27:59', 1),
	(10, 'Local', 'Registrou um local de vacinação', 2, '2021-10-05 13:29:06', 1),
	(11, 'Local', 'Registrou um local de vacinação', 3, '2021-10-05 13:33:17', 1),
	(12, 'Lote de vacinas', 'Registrou um lote de vacinas', 2, '2021-10-05 13:33:47', 1),
	(13, 'Lote de vacinas', 'Registrou um lote de vacinas', 3, '2021-10-05 13:34:00', 1),
	(14, 'Vacinado', 'Registrou um vacinado', 1, '2021-10-05 13:36:11', 1),
	(15, 'Vacinado', 'Registrou um vacinado', 2, '2021-10-05 13:37:13', 1),
	(16, 'Vacinado', 'Registrou um vacinado', 3, '2021-10-05 13:38:18', 1),
	(17, 'Vacinado', 'Registrou um vacinado', 4, '2021-10-05 13:39:36', 1),
	(18, 'Vacinado', 'Registrou um vacinado', 5, '2021-10-05 13:40:27', 1),
	(19, 'Vacinado', 'Registrou um vacinado', 6, '2021-10-05 13:41:06', 1),
	(20, 'Vacinado', 'Registrou um vacinado', 7, '2021-10-05 13:41:54', 1),
	(21, 'Vacinado', 'Registrou um vacinado', 8, '2021-10-05 13:42:27', 1),
	(22, 'Vacinado', 'Registrou um vacinado', 9, '2021-10-05 13:43:23', 1),
	(23, 'Vacinado', 'Registrou um vacinado', 10, '2021-10-05 13:44:19', 1),
	(24, 'Dia Vacinação', 'Registrou um Dia de vacinação', 1, '2021-10-05 13:45:03', 1),
	(25, 'Dia Vacinação', 'Registrou um Dia de vacinação', 2, '2021-10-05 13:45:11', 1),
	(26, 'Dia Vacinação', 'Registrou um Dia de vacinação', 3, '2021-10-05 13:45:19', 1),
	(27, 'Dia Vacinação', 'Registrou um Dia de vacinação', 4, '2021-10-05 13:45:27', 1),
	(28, 'Dia Vacinação', 'Registrou um Dia de vacinação', 5, '2021-10-05 13:45:33', 1),
	(29, 'Dia Vacinação', 'Registrou um Dia de vacinação', 6, '2021-10-05 13:45:39', 1),
	(30, 'Dia Vacinação', 'Registrou um Dia de vacinação', 7, '2021-10-05 13:45:58', 1),
	(31, 'Dia Vacinação', 'Registrou um Dia de vacinação', 8, '2021-10-05 13:46:03', 1),
	(32, 'Vacina', 'Registrou uma Vacina', 4, '2021-10-05 16:33:28', 1),
	(33, 'Vacina', 'Excluiu uma Vacina', 4, '2021-10-05 16:33:36', 1);
/*!40000 ALTER TABLE `his_historico` ENABLE KEYS */;

-- Copiando estrutura para tabela covid.loc_local
DROP TABLE IF EXISTS `loc_local`;
CREATE TABLE IF NOT EXISTS `loc_local` (
  `loc_id` int NOT NULL AUTO_INCREMENT,
  `loc_cidade` longtext NOT NULL,
  `loc_bairro` longtext NOT NULL,
  `loc_rua` longtext NOT NULL,
  `loc_numero` longtext NOT NULL,
  `loc_complemento` longtext,
  `loc_disable` int NOT NULL,
  PRIMARY KEY (`loc_id`)
) ENGINE=InnoDB AUTO_INCREMENT=4 DEFAULT CHARSET=utf8mb4 COLLATE=utf8mb4_0900_ai_ci;

-- Copiando dados para a tabela covid.loc_local: ~0 rows (aproximadamente)
/*!40000 ALTER TABLE `loc_local` DISABLE KEYS */;
INSERT INTO `loc_local` (`loc_id`, `loc_cidade`, `loc_bairro`, `loc_rua`, `loc_numero`, `loc_complemento`, `loc_disable`) VALUES
	(1, 'Roseira', 'Jardim das Flores', 'Teodoro Machado da Silva', '85', NULL, 0),
	(2, 'Guaratinguetá', 'Vila Roma', 'Benedito da Silva', '101', NULL, 0),
	(3, 'Lorena', 'Vila Zélia', 'Madame Curie', '1051', NULL, 0);
/*!40000 ALTER TABLE `loc_local` ENABLE KEYS */;

-- Copiando estrutura para tabela covid.lot_lote
DROP TABLE IF EXISTS `lot_lote`;
CREATE TABLE IF NOT EXISTS `lot_lote` (
  `lot_id` int NOT NULL AUTO_INCREMENT,
  `lot_quantidade` int NOT NULL,
  `lot_disable` int NOT NULL,
  `VacinaId` int NOT NULL,
  `LocalId` int NOT NULL,
  PRIMARY KEY (`lot_id`),
  KEY `FK_lot_lote_loc_local_LocalId` (`LocalId`),
  KEY `FK_lot_lote_vac_vacina_VacinaId` (`VacinaId`),
  CONSTRAINT `FK_lot_lote_loc_local_LocalId` FOREIGN KEY (`LocalId`) REFERENCES `loc_local` (`loc_id`) ON DELETE CASCADE ON UPDATE CASCADE,
  CONSTRAINT `FK_lot_lote_vac_vacina_VacinaId` FOREIGN KEY (`VacinaId`) REFERENCES `vac_vacina` (`vac_Id`) ON DELETE CASCADE ON UPDATE CASCADE
) ENGINE=InnoDB AUTO_INCREMENT=4 DEFAULT CHARSET=utf8mb4 COLLATE=utf8mb4_0900_ai_ci;

-- Copiando dados para a tabela covid.lot_lote: ~0 rows (aproximadamente)
/*!40000 ALTER TABLE `lot_lote` DISABLE KEYS */;
INSERT INTO `lot_lote` (`lot_id`, `lot_quantidade`, `lot_disable`, `VacinaId`, `LocalId`) VALUES
	(1, 500, 0, 1, 1),
	(2, 1000, 0, 2, 2),
	(3, 1500, 0, 3, 3);
/*!40000 ALTER TABLE `lot_lote` ENABLE KEYS */;

-- Copiando estrutura para tabela covid.usu_usuario
DROP TABLE IF EXISTS `usu_usuario`;
CREATE TABLE IF NOT EXISTS `usu_usuario` (
  `usu_id` int NOT NULL AUTO_INCREMENT,
  `usu_email` longtext,
  `usu_senha` longtext,
  `usu_hash` longtext,
  `usu_disable` int NOT NULL,
  PRIMARY KEY (`usu_id`)
) ENGINE=InnoDB AUTO_INCREMENT=3 DEFAULT CHARSET=utf8mb4 COLLATE=utf8mb4_0900_ai_ci;

-- Copiando dados para a tabela covid.usu_usuario: ~0 rows (aproximadamente)
/*!40000 ALTER TABLE `usu_usuario` DISABLE KEYS */;
INSERT INTO `usu_usuario` (`usu_id`, `usu_email`, `usu_senha`, `usu_hash`, `usu_disable`) VALUES
	(1, 'liax@gmail.com', 'vDDsx1jGNpHGnmbYRjJmcJJL/5YJtf6/OcHobMqPtyeDrV5bcHY1nm1wm8WM03mt4UlZRfhZHph2yyY05DE5pg==', NULL, 0);
/*!40000 ALTER TABLE `usu_usuario` ENABLE KEYS */;

-- Copiando estrutura para tabela covid.vac_vacina
DROP TABLE IF EXISTS `vac_vacina`;
CREATE TABLE IF NOT EXISTS `vac_vacina` (
  `vac_Id` int NOT NULL AUTO_INCREMENT,
  `vac_quantDose` longtext NOT NULL,
  `QuantidadeDose` int NOT NULL,
  `vac_disable` int NOT NULL,
  `EmpresaId` int NOT NULL,
  PRIMARY KEY (`vac_Id`),
  KEY `FK_vac_vacina_emp_empresa_EmpresaId` (`EmpresaId`),
  CONSTRAINT `FK_vac_vacina_emp_empresa_EmpresaId` FOREIGN KEY (`EmpresaId`) REFERENCES `emp_empresa` (`emp_id`) ON DELETE CASCADE ON UPDATE CASCADE
) ENGINE=InnoDB AUTO_INCREMENT=5 DEFAULT CHARSET=utf8mb4 COLLATE=utf8mb4_0900_ai_ci;

-- Copiando dados para a tabela covid.vac_vacina: ~0 rows (aproximadamente)
/*!40000 ALTER TABLE `vac_vacina` DISABLE KEYS */;
INSERT INTO `vac_vacina` (`vac_Id`, `vac_quantDose`, `QuantidadeDose`, `vac_disable`, `EmpresaId`) VALUES
	(1, 'Coronavac', 3, 0, 1),
	(2, 'Edge', 2, 0, 2),
	(3, 'Creed', 1, 0, 3),
	(4, 'dasdsa', 1, 1, 1);
/*!40000 ALTER TABLE `vac_vacina` ENABLE KEYS */;

-- Copiando estrutura para tabela covid.vci_vacinado
DROP TABLE IF EXISTS `vci_vacinado`;
CREATE TABLE IF NOT EXISTS `vci_vacinado` (
  `vci_id` int NOT NULL AUTO_INCREMENT,
  `Cpf` varchar(14) CHARACTER SET utf8 COLLATE utf8_general_ci NOT NULL,
  `vci_nome` varchar(50) CHARACTER SET utf8 COLLATE utf8_general_ci NOT NULL,
  `vci_dataNasc` datetime NOT NULL,
  `vci_dataVac` datetime NOT NULL,
  `vci_dose` int NOT NULL,
  `vci_disable` int NOT NULL,
  `LoteId` int NOT NULL,
  PRIMARY KEY (`vci_id`),
  KEY `FK_vci_vacinado_lot_lote_LoteId` (`LoteId`),
  CONSTRAINT `FK_vci_vacinado_lot_lote_LoteId` FOREIGN KEY (`LoteId`) REFERENCES `lot_lote` (`lot_id`) ON DELETE CASCADE ON UPDATE CASCADE
) ENGINE=InnoDB AUTO_INCREMENT=11 DEFAULT CHARSET=utf8mb4 COLLATE=utf8mb4_0900_ai_ci;

-- Copiando dados para a tabela covid.vci_vacinado: ~0 rows (aproximadamente)
/*!40000 ALTER TABLE `vci_vacinado` DISABLE KEYS */;
INSERT INTO `vci_vacinado` (`vci_id`, `Cpf`, `vci_nome`, `vci_dataNasc`, `vci_dataVac`, `vci_dose`, `vci_disable`, `LoteId`) VALUES
	(1, '876.453.875-34', 'José da Silva', '1993-02-02 13:35:00', '2021-10-05 13:36:11', 3, 0, 1),
	(2, '895.745.875-35', 'Dominic Pereira', '1979-06-05 13:36:00', '2021-10-05 13:37:13', 2, 0, 1),
	(3, '696.750.967-53', 'João Igor Prado', '1990-02-05 13:37:00', '2021-10-05 13:38:18', 1, 0, 1),
	(4, '799.545.345-45', 'Eduardo Carvalho', '1983-06-05 13:39:00', '2021-10-05 13:39:36', 1, 0, 2),
	(5, '321.807.123-98', 'Isabela Gonçalves', '1990-02-05 13:40:00', '2021-10-05 13:40:27', 3, 0, 1),
	(6, '439.874.356-50', 'Maria da Silva', '1982-06-05 13:40:00', '2021-10-05 13:41:06', 1, 0, 1),
	(7, '978.754.875-49', 'Socorro da Penha', '2000-01-05 13:41:00', '2021-10-05 13:41:54', 1, 0, 3),
	(8, '756.575.673-45', 'Adonai Santana', '1987-02-05 13:42:00', '2021-10-05 13:42:27', 1, 0, 3),
	(9, '778.657.469-45', 'Diego Amarral', '1920-02-05 13:42:00', '2021-10-05 13:43:23', 3, 0, 1),
	(10, '473.942.634-29', 'Teodoro Vasconcelos', '1978-07-05 13:44:00', '2021-10-05 13:44:19', 1, 0, 2);
/*!40000 ALTER TABLE `vci_vacinado` ENABLE KEYS */;

-- Copiando estrutura para tabela covid.__migrationhistory
DROP TABLE IF EXISTS `__migrationhistory`;
CREATE TABLE IF NOT EXISTS `__migrationhistory` (
  `MigrationId` varchar(150) CHARACTER SET utf8 COLLATE utf8_general_ci NOT NULL,
  `ContextKey` varchar(300) CHARACTER SET utf8 COLLATE utf8_general_ci NOT NULL,
  `Model` longblob NOT NULL,
  `ProductVersion` varchar(32) CHARACTER SET utf8 COLLATE utf8_general_ci NOT NULL,
  PRIMARY KEY (`MigrationId`,`ContextKey`)
) ENGINE=InnoDB DEFAULT CHARSET=utf8mb4 COLLATE=utf8mb4_0900_ai_ci;

-- Copiando dados para a tabela covid.__migrationhistory: ~1 rows (aproximadamente)
/*!40000 ALTER TABLE `__migrationhistory` DISABLE KEYS */;
INSERT INTO `__migrationhistory` (`MigrationId`, `ContextKey`, `Model`, `ProductVersion`) VALUES
	('202110051245457_Covid01', 'Covid.Migrations.Configuration', _binary 0x1F8B0800000000000400ED5DDB6EE4B8117D0F907F10F418CCBAED992CB06BB47731DB9EC91A19DB13B73DC89B414B74B71089EA9528C346902FCBC37E527E21A4AEBC4AA54B5FD630E6C52DAA0E6FA74AC52259F3BFFFFE3EFFF9390A9D279CA4414CCEDC93A363D7C1C48BFD80ACCEDC8C3E7EF783FBF34F7FFED3FC931F3D3BDFAAF73EF0F7982449CFDC35A59BD3D92CF5D63842E9511478499CC68FF4C88BA319F2E3D9FBE3E31F67272733CC205C86E538F39B8CD020C2F90FF67311130F6F6886C2CBD8C7615A3E6725CB1CD5B942114E37C8C367EE227E0AFCA3E23DD7F9180688B56189C347D74184C41451D6C2D3BB142F691293D572C31EA0F0F66583D97B8F284C71D9F2D3E67568278EDFF34ECC1AC10ACACB521A473D014F3E94A33253C5078DAD5B8F1A1BB74F6C7CE90BEF753E7667EE7980BE212F20C843B1EBA8159E2EC284BF2C0FEF9128F4CEC98BDED524605CE1FFD8F32CA45982CF08CE6882C277CED7EC210CBCBFE397DBF85F989C912C0CC5C6B1E6B132E9017BF435893738A12F37F8B16CF285EF3A33596EA60AD662824CD1910B423FBC779D2B56397A08713DF742A797344EF0DF30C109A2D8FF8A28C509E118381F3DAD76A5AE7344C5312DAA650FF12DA3B6A1E60EB420E56F7735BF1DE44B4C71F710281857E82958E5236240739D1B1CE685E93AD8149A76C40BEE65467D4EE2E8260E4B29A9F0FE16252B4C59AB62DB1BCB384B3CA565F35943E2566A17CD04529ABFFC4665B5AE7F6488BDE7237F24FF262171418BDE34D6C8EBA1703A5D90D93E5E272AC6DB75A2D21AB8B6B20E5B9AC64AEE0B3511DB543D3528685D64D2CCB65614EDB78F5055AE8C4DF1D83C2A6559DFF128C47CF36C5585DAA84805DAC0C8A523AD563E5D60B3E57173F466B7E4BA1692CD621E1F735B5DE7123D7FC16445D7672EFB93CD6EF08CFDEA49D9863B12302F9709D124EBFFB1FE05054912EFBEDE9B0CEDBED2AB2CC2FBE8EC228E36218E1813A6A87C1B1FAE219E538729D62DA066A507999BCAEE02ED4DF1FA9BC1D174218EF6606E1AF7EC3C4E0FC145FB146D129CF6F7D1AC0A53021A75A62C33B80E7289F6B5568A477DAEEB060215A87CFF4D830E438326B6EF2D5E2E98ADAAA5B7907984B5F7E1919E4AE08DAF9A17B2796CA1EBC95FB7E271B5EBC8F7C75B511144D1154ABD40F2B886C7B3EAE8983F01D8617CF676145E032E4E5503625EBA0EB21FBF06CC6A248C4D6003524BBC5910B5AE5BF4C0E6784FDF3D9C7A6C56D0F65750171447636376DC668CB61577698692209E4E4F4B40A3AA9665F782C234EAAA156A1EAAFEC62827B56E295069CBF7DF54565FDFA020DCBACA2C31594F11CF69AFE55794AEFF68F113419DC62B9DFA9DB4AB2544E93EA669EC05799384EFB81CF9977BF989F84EE73640313D55989CCD10D3BC60C3748D3581B999AEAA53D7E41C879862E7A3576C382F98EB96C74255BD62D5C3DB531BA8A63DF29E86DCAEBF68D5311DC7095732142ED8A431AB1110AA1B848078C106855DE3A208026D09EF755D855A728E37987033D0350690BA2B8750AFBFAE46998DAEF199CF048275F1AE8E25DA27580F2C8A4CCBB7207644357DB7A99DF393714B1D829D904AED2D8C4DE596E55EE8A4042E6C13698B6234935987CA76422C5B0CB0694F1589D90ABDCCC3B1038A99FB0DA95808DEEEC96E35FBC0AD5F263BC560F6C20C0766C8A4841DFE5DEC3FC1537C11FBF3B939B6B11756C941131B112C1114950A3EC0D3B181023F6FFB6797B1D93BE097710E0EDEDBD2171D363AB4AC401A4AD44BF59D7C245B22114D9384E5D4563E95D671D901E7AC0300A95B8828ED807AC5B293C950268193FA3004A1F8999A623B77292EC33B69B9585769C00197981A8FB235AB5CE37A4F337A325661D9348CE271A76CBEFC3008E7CF3BA4AB6FB6265E1574C8D75EAA065097805AE09BC6B029EAC010744E0311CA3A506A63A261D4250A82C03D793295238CC27BD6738EAA4A40E21D750F2A0A698A0589520828ADAC9DC9DD050D45734EC73406E69577D7DA5BEAB581E45D2BE68E511BD04F75B75AEF6BDBB210B23014DA6C512CC8724E40B1E8F7903916CEA35A88DED96BD342A537B977D059654F51EF6E8BFF0CF0A0B526EBB60FE0324FCF6F43A858EF7A876B0774EE84C65BAC2ED0251380EC9F00FB505481EBDA83A8CBE6B3E23A55F9603EB3DCBB9A5FA2CD26202BE11E56F9C4599697B0BE5BF6BFA3141518332F355C55AA5B5BD7C43A8E565829E58E908F3F07494AF966E103E2BB0A0B3F32BC56FA4B962F67558DC125D2E7ACFAA85642FCEFCA2DB35C97323896A5F467D62D7EC422EF21B67DC23471875F8643214A0CDB628B38CC2252FCF603741F183C553B82728F4905F3F3E2D4F26D6D05AE368534C8AA008E55ADFD4428DB7A90535B196CCD6DD726555B4CC94401D1C8623A81F431490368631683D2258C694FBA88778554A4DF84B2913CE1700378D244A144307B6CCA8E5447E365CA5942F47BE41C77244790CE200E629D510E4E3BAF27ED1646CA79F75E6FBA55973754A487F2391C29BF8EA1C22499C1C3B56354B72B5418523EEF3142E27D096D98C4C2D1AAE9B5A9E69E14C1EAAA0335C12C0F50059B2054179E9077DFCF341567C9548CDCF81627258758F342520455CB46D286B771804517B6AB44B4965DACBD51B05AE00EE6A005004042AB24948538DAF4B4C83A0B3906C99F8EA40A073A540BE38F5821D810C056C6240AB6335ED0F79BCBCFBE8B10F98351768AB5A137439483E92A9E5F960F5BF3F8164456DA0B50B39E39D024769303BDD215535BC805A85356088052B5C842B56A1DA43DB54A3C0FAE2251A1AC076D9A53DE2AA0DF14C1F1AAB3DC5A3FCBE7FDF4CCD0A8FC291C45D88013A15AF6E5F646E82AF43798CE16000099AD92502A6769D693CAE539691504178FE138E5496815272D1EC3718AB3CE2ACC3A7F3AD20A73A07DB9245A48577DA5AEBD0EED2A21DC79194E85E4D752E2ABC52BAEC30689D194C7562F5F96BF8547BCFC28FF731106ACC3CD1B9788048F38A5C51D01F7079E2C4C4AD4753849B36669EA878670B42D73963C67A0BB0EE6806CF77D874AAED8CD0DF80077DE6AE87955C614DE2DAA634F31CD6FDF7C4DB0171459DF8E8755205F0DC83B32EADE5D8EA09D82B8203E7E3E73FF9D8B9C3A17FFBC2FA4DE39D709E3E4A973ECFCA7A3E27E19A70650C11C6CEDA64225B7452AA8D1DBE19325056E87C3A859A0A0B35EC9F5987713E1A4E45170C6E562DBA19C166F8572CE14698570CEDB3EE79AF06D514D189315DFB61B04F52025E519059534797646E1102975CE28284FCF8663C2835CD692E2B7500DED9B69660055CD81D06EAA56725BA4AA125F1D399FE67C2E43ACA414531D0EA3E573815ABC5A701B36CF18D38451C91CCDECA65225B7452A3541D2912C9282A45B526335DE08546463A411A0C8A5DC16475F48E7419E50E2AD51A225F4E8AB83754CB305F7FBFECEB31CDB9CD42F97829CD3238F356A62C0F3F5AC1A6C3707402A650E3376AB5425B7459552E39623CD9A12B51CE7EA8851CBE14C6A629693EA8A96A902CAD15A701B343586116124350710BB495AC96D91A44258721CA384B8E478A0B5909B610CCE646EC0D8EC06FBCA64201FFFDF7DF602D03D22DB59BB1EF7983A8E981ED89D396886823D6625005076CA4404409E980FC7F5BCC3FBEA720EEC31CB40750F63C769054053683BB9D3FB4AEEABC91E009EAD5760567A4C9DEDA0E136ECCA1F221BC03E3D16353766CFEC0307EFA9B41C753B302FA5F7CDFE3D5EE4172E84EDFEE63E682A6D87487A50A7ED44D7A1DECE572FA5A91338E20A7E7100E3CCF51FF8AC174BBA62637DAA8BFAA61AB8090827B8C66FC6F618F624B7FC4DF0FC3BF734591600530DDCE5C253A6093076C30BCA6E4C9748C0540F8F6EADA7CC3560AA849B856CEFC908FADDCD3669E921271BE89D60003020079153A0771601D96C1C60DA007003773263932507E8AF63AA756C4D21704009007ADFF7D70CF42E2EF8EBA73E99EB23FCDFABCCF54A835503C1FF2756823DC9E9A9DFB9208F71E57E292DAA5E5142D3979822BE6FF231A1C123F2282BF6709AE62988BFA130CB35FC01FB17E43AA39B8CB22EE3E82194D233731FAEADFE3C8B81DCE6F9F526CF183C4517583303BEDD734D7EC982D0AFDBFDD91053B74070E7B0DCC9E07349F98EC6EAA546BA8A0910A81CBEDAA7BD652E48C8C0D26BB2444F7848DBEE52FC05AF90F7529DDDB583744F843CEC73F6955C25284A4B8C469EFD641CF6A3E79FFE0FD68BDB4482780000, '6.1.3-40302');
/*!40000 ALTER TABLE `__migrationhistory` ENABLE KEYS */;

/*!40101 SET SQL_MODE=IFNULL(@OLD_SQL_MODE, '') */;
/*!40014 SET FOREIGN_KEY_CHECKS=IFNULL(@OLD_FOREIGN_KEY_CHECKS, 1) */;
/*!40101 SET CHARACTER_SET_CLIENT=@OLD_CHARACTER_SET_CLIENT */;
/*!40111 SET SQL_NOTES=IFNULL(@OLD_SQL_NOTES, 1) */;
